idcasilla,entidad,estado,id_municipio,municipio,cve_edo,cve_mpo,cve_edo_mpo,casilla,estatus_casilla,dia_ejercicio,votos_si,votos_no,votos_nulos,total,entidad.y,municipio.y,nombre_del_municipio,padron,lista_nominal,cve_edo.y,cve_mpo.y
1700101,17,MORELOS,1,AMACUZAC,17,AMACUZAC,17001,AMACUZAC 01,CAPTURADA,2019-02-23,77,15,0,92,17,1,AMACUZAC,13587,13425,17,001
1700201,17,MORELOS,2,ATLATLAHUCAN,17,ATLATLAHUCAN,17002,ATLATLAHUCAN 01,CAPTURADA,2019-02-23,74,19,0,93,17,2,ATLATLAHUCAN,17124,17011,17,002
1700301,17,MORELOS,3,AXOCHIAPAN,17,AXOCHIAPAN,17003,AXOCHIAPAN 01,CAPTURADA,2019-02-23,126,120,0,246,17,3,AXOCHIAPAN,26340,26064,17,003
1700401,17,MORELOS,4,AYALA,17,AYALA,17004,AYALA 01,CAPTURADA,2019-02-23,92,704,1,797,17,4,AYALA,62717,61999,17,004
1700402,17,MORELOS,4,AYALA,17,AYALA,17004,AYALA 02,CAPTURADA,2019-02-23,42,240,2,284,17,4,AYALA,62717,61999,17,004
1700403,17,MORELOS,4,AYALA,17,AYALA,17004,AYALA 03,CAPTURADA,2019-02-23,73,263,1,337,17,4,AYALA,62717,61999,17,004
1700501,17,MORELOS,5,COATLAN DEL RIO,17,COATLAN DEL RIO,17005,COATLAN DEL RIO 01,CAPTURADA,2019-02-23,83,14,0,97,17,5,COATLAN DEL RIO,8291,8232,17,005
1700601,17,MORELOS,6,CUAUTLA,17,CUAUTLA,17006,CUAUTLA 01,CAPTURADA,2019-02-23,735,637,5,1377,17,6,CUAUTLA,143744,142718,17,006
1700602,17,MORELOS,6,CUAUTLA,17,CUAUTLA,17006,CUAUTLA 02,CAPTURADA,2019-02-23,341,347,4,692,17,6,CUAUTLA,143744,142718,17,006
1700603,17,MORELOS,6,CUAUTLA,17,CUAUTLA,17006,CUAUTLA 03,CAPTURADA,2019-02-23,377,360,0,737,17,6,CUAUTLA,143744,142718,17,006
1700604,17,MORELOS,6,CUAUTLA,17,CUAUTLA,17006,CUAUTLA 04,CAPTURADA,2019-02-23,205,137,1,343,17,6,CUAUTLA,143744,142718,17,006
1700605,17,MORELOS,6,CUAUTLA,17,CUAUTLA,17006,CUAUTLA 05,CAPTURADA,2019-02-23,76,57,1,134,17,6,CUAUTLA,143744,142718,17,006
1700701,17,MORELOS,7,CUERNAVACA,17,CUERNAVACA,17007,CUERNAVACA 01,CAPTURADA,2019-02-23,117,47,1,165,17,7,CUERNAVACA,315582,312633,17,007
1700702,17,MORELOS,7,CUERNAVACA,17,CUERNAVACA,17007,CUERNAVACA 02,CAPTURADA,2019-02-23,168,32,0,200,17,7,CUERNAVACA,315582,312633,17,007
1700703,17,MORELOS,7,CUERNAVACA,17,CUERNAVACA,17007,CUERNAVACA 03,CAPTURADA,2019-02-23,706,443,1,1150,17,7,CUERNAVACA,315582,312633,17,007
1700704,17,MORELOS,7,CUERNAVACA,17,CUERNAVACA,17007,CUERNAVACA 04,CAPTURADA,2019-02-23,119,38,0,157,17,7,CUERNAVACA,315582,312633,17,007
1700705,17,MORELOS,7,CUERNAVACA,17,CUERNAVACA,17007,CUERNAVACA 05,CAPTURADA,2019-02-23,72,38,0,110,17,7,CUERNAVACA,315582,312633,17,007
1700706,17,MORELOS,7,CUERNAVACA,17,CUERNAVACA,17007,CUERNAVACA 06,CAPTURADA,2019-02-23,190,103,0,293,17,7,CUERNAVACA,315582,312633,17,007
1700707,17,MORELOS,7,CUERNAVACA,17,CUERNAVACA,17007,CUERNAVACA 07,CAPTURADA,2019-02-23,155,91,4,250,17,7,CUERNAVACA,315582,312633,17,007
1700708,17,MORELOS,7,CUERNAVACA,17,CUERNAVACA,17007,CUERNAVACA 08,CAPTURADA,2019-02-23,235,113,1,349,17,7,CUERNAVACA,315582,312633,17,007
1700709,17,MORELOS,7,CUERNAVACA,17,CUERNAVACA,17007,CUERNAVACA 09,CAPTURADA,2019-02-23,81,22,0,103,17,7,CUERNAVACA,315582,312633,17,007
1700710,17,MORELOS,7,CUERNAVACA,17,CUERNAVACA,17007,CUERNAVACA 10,CAPTURADA,2019-02-23,116,65,0,181,17,7,CUERNAVACA,315582,312633,17,007
1700801,17,MORELOS,8,EMILIANO ZAPATA,17,EMILIANO ZAPATA,17008,EMILIANO ZAPATA 01,CAPTURADA,2019-02-23,121,10,0,131,17,8,EMILIANO ZAPATA,63521,62859,17,008
1700802,17,MORELOS,8,EMILIANO ZAPATA,17,EMILIANO ZAPATA,17008,EMILIANO ZAPATA 02,CAPTURADA,2019-02-23,99,25,0,124,17,8,EMILIANO ZAPATA,63521,62859,17,008
1700901,17,MORELOS,9,HUITZILAC,17,HUITZILAC,17009,HUITZILAC 01,CAPTURADA,2019-02-23,90,18,0,108,17,9,HUITZILAC,14838,14698,17,009
1701001,17,MORELOS,10,JANTETELCO,17,JANTETELCO,17010,JANTETELCO 01,CAPTURADA,2019-02-23,6,13,0,19,17,10,JANTETELCO,12861,12761,17,010
1701101,17,MORELOS,11,JIUTEPEC,17,JIUTEPEC,17011,JIUTEPEC 01,CAPTURADA,2019-02-23,363,162,1,526,17,11,JIUTEPEC,166134,164581,17,011
1701102,17,MORELOS,11,JIUTEPEC,17,JIUTEPEC,17011,JIUTEPEC 02,CAPTURADA,2019-02-23,150,33,1,184,17,11,JIUTEPEC,166134,164581,17,011
1701103,17,MORELOS,11,JIUTEPEC,17,JIUTEPEC,17011,JIUTEPEC 03,CAPTURADA,2019-02-23,145,23,1,169,17,11,JIUTEPEC,166134,164581,17,011
1701104,17,MORELOS,11,JIUTEPEC,17,JIUTEPEC,17011,JIUTEPEC 04,CAPTURADA,2019-02-23,116,19,0,135,17,11,JIUTEPEC,166134,164581,17,011
1701105,17,MORELOS,11,JIUTEPEC,17,JIUTEPEC,17011,JIUTEPEC 05,CAPTURADA,2019-02-23,61,21,0,82,17,11,JIUTEPEC,166134,164581,17,011
1701201,17,MORELOS,12,JOJUTLA,17,JOJUTLA,17012,JOJUTLA 01,CAPTURADA,2019-02-23,226,80,0,306,17,12,JOJUTLA,47250,46860,17,012
1701202,17,MORELOS,12,JOJUTLA,17,JOJUTLA,17012,JOJUTLA 02,CAPTURADA,2019-02-23,253,78,1,332,17,12,JOJUTLA,47250,46860,17,012
1701301,17,MORELOS,13,JONACATEPEC,17,JONACATEPEC,17013,JONACATEPEC 01,CAPTURADA,2019-02-23,17,12,0,29,17,13,JONACATEPEC,11997,11923,17,013
1701401,17,MORELOS,14,MAZATEPEC,17,MAZATEPEC,17014,MAZATEPEC 01,CAPTURADA,2019-02-23,83,21,0,104,17,14,MAZATEPEC,8150,7999,17,014
1701501,17,MORELOS,15,MIACATLAN,17,MIACATLAN,17015,MIACATLAN 01,CAPTURADA,2019-02-23,157,36,1,194,17,15,MIACATLAN,20309,20154,17,015
1701601,17,MORELOS,16,OCUITUCO,17,OCUITUCO,17016,OCUITUCO 01,CAPTURADA,2019-02-23,44,60,0,104,17,16,OCUITUCO,13120,13037,17,016
1701701,17,MORELOS,17,PUENTE DE IXTLA,17,PUENTE DE IXTLA,17017,PUENTE DE IXTLA 01,CAPTURADA,2019-02-23,131,24,0,155,17,17,PUENTE DE IXTLA,49376,48885,17,017
1701702,17,MORELOS,17,PUENTE DE IXTLA,17,PUENTE DE IXTLA,17017,PUENTE DE IXTLA 02,CAPTURADA,2019-02-23,101,7,0,108,17,17,PUENTE DE IXTLA,49376,48885,17,017
1701801,17,MORELOS,18,TEMIXCO,17,TEMIXCO,17018,TEMIXCO 01,CAPTURADA,2019-02-23,148,21,2,171,17,18,TEMIXCO,87244,86524,17,018
1701802,17,MORELOS,18,TEMIXCO,17,TEMIXCO,17018,TEMIXCO 02,CAPTURADA,2019-02-23,104,12,1,117,17,18,TEMIXCO,87244,86524,17,018
1701803,17,MORELOS,18,TEMIXCO,17,TEMIXCO,17018,TEMIXCO 03,CAPTURADA,2019-02-23,61,7,0,68,17,18,TEMIXCO,87244,86524,17,018
1701901,17,MORELOS,19,TEPALCINGO,17,TEPALCINGO,17019,TEPALCINGO 01,CAPTURADA,2019-02-23,107,31,2,140,17,19,TEPALCINGO,20438,20228,17,019
1701902,17,MORELOS,19,TEPALCINGO,17,TEPALCINGO,17019,TEPALCINGO 02,CAPTURADA,2019-02-23,46,15,0,61,17,19,TEPALCINGO,20438,20228,17,019
1701903,17,MORELOS,19,TEPALCINGO,17,TEPALCINGO,17019,TEPALCINGO 03,CAPTURADA,2019-02-23,41,29,0,70,17,19,TEPALCINGO,20438,20228,17,019
1702001,17,MORELOS,20,TEPOZTLAN,17,TEPOZTLAN,17020,TEPOZTLAN 01,CAPTURADA,2019-02-23,92,222,1,315,17,20,TEPOZTLAN,29533,29302,17,020
1702101,17,MORELOS,21,TETECALA,17,TETECALA,17021,TETECALA 01,CAPTURADA,2019-02-23,118,14,1,133,17,21,TETECALA,6384,6330,17,021
1702201,17,MORELOS,22,TETELA DEL VOLCAN,17,TETELA DEL VOLCAN,17022,TETELA DEL VOLCAN 01,CAPTURADA,2019-02-23,9,77,0,86,17,22,TETELA DEL VOLCAN,14634,14543,17,022
1702301,17,MORELOS,23,TLALNEPANTLA,17,TLALNEPANTLA,17023,TLALNEPANTLA 01,CAPTURADA,2019-02-23,43,28,0,71,17,23,TLALNEPANTLA,5065,5042,17,023
1702401,17,MORELOS,24,TLALTIZAPAN,17,TLALTIZAPAN,17024,TLALTIZAPAN 01,CAPTURADA,2019-02-23,161,58,1,220,17,24,TLALTIZAPAN DE ZAPATA,38198,37798,17,024
1702402,17,MORELOS,24,TLALTIZAPAN,17,TLALTIZAPAN,17024,TLALTIZAPAN 02,CAPTURADA,2019-02-23,73,31,0,104,17,24,TLALTIZAPAN DE ZAPATA,38198,37798,17,024
1702403,17,MORELOS,24,TLALTIZAPAN,17,TLALTIZAPAN,17024,TLALTIZAPAN 03,CAPTURADA,2019-02-23,75,8,0,83,17,24,TLALTIZAPAN DE ZAPATA,38198,37798,17,024
1702501,17,MORELOS,25,TLAQUILTENANGO,17,TLAQUILTENANGO,17025,TLAQUILTENANGO 01,CAPTURADA,2019-02-23,133,43,3,179,17,25,TLAQUILTENANGO,25203,24994,17,025
1702502,17,MORELOS,25,TLAQUILTENANGO,17,TLAQUILTENANGO,17025,TLAQUILTENANGO 02,CAPTURADA,2019-02-23,52,4,0,56,17,25,TLAQUILTENANGO,25203,24994,17,025
1702503,17,MORELOS,25,TLAQUILTENANGO,17,TLAQUILTENANGO,17025,TLAQUILTENANGO 03,CAPTURADA,2019-02-23,33,2,0,35,17,25,TLAQUILTENANGO,25203,24994,17,025
1702601,17,MORELOS,26,TLAYACAPAN,17,TLAYACAPAN,17026,TLAYACAPAN 01,CAPTURADA,2019-02-23,111,67,0,178,17,26,TLAYACAPAN,14286,14162,17,026
1702701,17,MORELOS,27,TOTOLAPAN,17,TOTOLAPAN,17027,TOTOLAPAN 01,CAPTURADA,2019-02-23,100,23,0,123,17,27,TOTOLAPAN,8104,8044,17,027
1702801,17,MORELOS,28,XOCHITEPEC,17,XOCHITEPEC,17028,XOCHITEPEC 01,CAPTURADA,2019-02-23,122,29,0,151,17,28,XOCHITEPEC,50066,49576,17,028
1702802,17,MORELOS,28,XOCHITEPEC,17,XOCHITEPEC,17028,XOCHITEPEC 02,CAPTURADA,2019-02-23,42,23,0,65,17,28,XOCHITEPEC,50066,49576,17,028
1702901,17,MORELOS,29,YAUTEPEC,17,YAUTEPEC,17029,YAUTEPEC 01,CAPTURADA,2019-02-23,914,161,4,1079,17,29,YAUTEPEC,78006,77372,17,029
1702902,17,MORELOS,29,YAUTEPEC,17,YAUTEPEC,17029,YAUTEPEC 02,CAPTURADA,2019-02-23,173,34,1,208,17,29,YAUTEPEC,78006,77372,17,029
1702903,17,MORELOS,29,YAUTEPEC,17,YAUTEPEC,17029,YAUTEPEC 03,CAPTURADA,2019-02-23,87,43,0,130,17,29,YAUTEPEC,78006,77372,17,029
1703001,17,MORELOS,30,YECAPIXTLA,17,YECAPIXTLA,17030,YECAPIXTLA 01,CAPTURADA,2019-02-23,144,330,1,475,17,30,YECAPIXTLA,35994,35779,17,030
1703003,17,MORELOS,30,YECAPIXTLA,17,YECAPIXTLA,17030,YECAPIXTLA 03,CAPTURADA,2019-02-23,83,77,0,160,17,30,YECAPIXTLA,35994,35779,17,030
1703101,17,MORELOS,31,ZACATEPEC,17,ZACATEPEC,17031,ZACATEPEC 01,CAPTURADA,2019-02-23,156,44,0,200,17,31,ZACATEPEC,29584,29323,17,031
1703201,17,MORELOS,32,ZACUALPAN,17,ZACUALPAN,17032,ZACUALPAN 01,CAPTURADA,2019-02-23,7,7,0,14,17,32,ZACUALPAN DE AMILPAS,7213,7185,17,032
1703303,17,MORELOS,33,TEMOAC,17,TEMOAC,17033,TEMOAC 03,CAPTURADA,2019-02-23,7,2,0,9,17,33,TEMOAC,11064,11028,17,033
1703501,17,MORELOS,35,COATETELCO,17,COATETELCO,17015,COATETELCO 01,CAPTURADA,2019-02-23,63,24,0,87,17,15,MIACATLAN,20309,20154,17,015
1703601,17,MORELOS,36,XOXOCOTLA,17,XOXOCOTLA,17017,XOXOCOTLA 01,CAPTURADA,2019-02-23,91,25,0,116,17,17,PUENTE DE IXTLA,49376,48885,17,017
1703701,17,MORELOS,37,HUEYAPAN,17,HUEYAPAN,17022,HUEYAPAN 01,CAPTURADA,2019-02-23,6,21,0,27,17,22,TETELA DEL VOLCAN,14634,14543,17,022
2100501,21,PUEBLA,5,ACTEOPAN,21,ACTEOPAN,21005,ACTEOPAN 01,CAPTURADA,2019-02-23,17,28,0,45,21,5,ACTEOPAN,2332,2275,21,005
2100502,21,PUEBLA,5,ACTEOPAN,21,ACTEOPAN,21005,ACTEOPAN 02,CAPTURADA,2019-02-23,8,17,1,26,21,5,ACTEOPAN,2332,2275,21,005
2100503,21,PUEBLA,5,ACTEOPAN,21,ACTEOPAN,21005,ACTEOPAN 03,CAPTURADA,2019-02-23,10,6,0,16,21,5,ACTEOPAN,2332,2275,21,005
2101901,21,PUEBLA,19,ATLIXCO,21,ATLIXCO,21019,ATLIXCO 01,CAPTURADA,2019-02-23,97,19,0,116,21,19,ATLIXCO,104706,103907,21,019
2101902,21,PUEBLA,19,ATLIXCO,21,ATLIXCO,21019,ATLIXCO 02,CAPTURADA,2019-02-23,61,3,0,64,21,19,ATLIXCO,104706,103907,21,019
2101903,21,PUEBLA,19,ATLIXCO,21,ATLIXCO,21019,ATLIXCO 03,CAPTURADA,2019-02-23,40,3,0,43,21,19,ATLIXCO,104706,103907,21,019
2102201,21,PUEBLA,22,ATZITZIHUACAN,21,ATZITZIHUACAN,21022,ATZITZIHUACAN 01,CAPTURADA,2019-02-23,10,20,1,31,21,22,ATZITZIHUACAN,9196,9056,21,022
2102202,21,PUEBLA,22,ATZITZIHUACAN,21,ATZITZIHUACAN,21022,ATZITZIHUACAN 02,CAPTURADA,2019-02-23,56,0,0,56,21,22,ATZITZIHUACAN,9196,9056,21,022
2102203,21,PUEBLA,22,ATZITZIHUACAN,21,ATZITZIHUACAN,21022,ATZITZIHUACAN 03,CAPTURADA,2019-02-23,26,8,0,34,21,22,ATZITZIHUACAN,9196,9056,21,022
2102601,21,PUEBLA,26,CALPAN,21,CALPAN,21026,CALPAN 01,CAPTURADA,2019-02-23,6,21,1,28,21,26,CALPAN,10672,10612,21,026
2102602,21,PUEBLA,26,CALPAN,21,CALPAN,21026,CALPAN 02,CAPTURADA,2019-02-23,0,227,0,227,21,26,CALPAN,10672,10612,21,026
2102603,21,PUEBLA,26,CALPAN,21,CALPAN,21026,CALPAN 03,CAPTURADA,2019-02-23,6,80,1,87,21,26,CALPAN,10672,10612,21,026
2103401,21,PUEBLA,34,COHUECAN,21,COHUECAN,21034,COHUECAN 01,CAPTURADA,2019-02-23,14,2,0,16,21,34,COHUECAN,3638,3551,21,034
2103402,21,PUEBLA,34,COHUECAN,21,COHUECAN,21034,COHUECAN 02,CAPTURADA,2019-02-23,25,16,1,42,21,34,COHUECAN,3638,3551,21,034
2103403,21,PUEBLA,34,COHUECAN,21,COHUECAN,21034,COHUECAN 03,CAPTURADA,2019-02-23,14,2,0,16,21,34,COHUECAN,3638,3551,21,034
2107001,21,PUEBLA,70,HUAQUECHULA,21,HUAQUECHULA,21070,HUAQUECHULA 01,CAPTURADA,2019-02-23,27,0,0,27,21,70,HUAQUECHULA,20631,20466,21,070
2107002,21,PUEBLA,70,HUAQUECHULA,21,HUAQUECHULA,21070,HUAQUECHULA 02,CAPTURADA,2019-02-23,16,5,0,21,21,70,HUAQUECHULA,20631,20466,21,070
2107003,21,PUEBLA,70,HUAQUECHULA,21,HUAQUECHULA,21070,HUAQUECHULA 03,CAPTURADA,2019-02-23,29,1,0,30,21,70,HUAQUECHULA,20631,20466,21,070
2107601,21,PUEBLA,76,HUEJOTZINGO,21,HUEJOTZINGO,21076,HUEJOTZINGO 01,CAPTURADA,2019-02-23,28,5,0,33,21,76,HUEJOTZINGO,54776,54343,21,076
2107602,21,PUEBLA,76,HUEJOTZINGO,21,HUEJOTZINGO,21076,HUEJOTZINGO 02,CAPTURADA,2019-02-23,17,5,0,22,21,76,HUEJOTZINGO,54776,54343,21,076
2107603,21,PUEBLA,76,HUEJOTZINGO,21,HUEJOTZINGO,21076,HUEJOTZINGO 03,CAPTURADA,2019-02-23,32,14,0,46,21,76,HUEJOTZINGO,54776,54343,21,076
2109203,21,PUEBLA,92,JUAN C. BONILLA,21,JUAN C. BONILLA,21092,JUAN C. BONILLA 03,CAPTURADA,2019-02-23,5,3,0,8,21,92,JUAN C. BONILLA,16854,16682,21,092
2110301,21,PUEBLA,103,NEALTICAN,21,NEALTICAN,21103,NEALTICAN 01,CAPTURADA,2019-02-23,11,176,0,187,21,103,NEALTICAN,8720,8653,21,103
2110302,21,PUEBLA,103,NEALTICAN,21,NEALTICAN,21103,NEALTICAN 02,CAPTURADA,2019-02-23,2,24,0,26,21,103,NEALTICAN,8720,8653,21,103
2110303,21,PUEBLA,103,NEALTICAN,21,NEALTICAN,21103,NEALTICAN 03,CAPTURADA,2019-02-23,0,0,0,0,21,103,NEALTICAN,8720,8653,21,103
2110701,21,PUEBLA,107,OCOYUCAN,21,OCOYUCAN,21107,OCOYUCAN 01,CAPTURADA,2019-02-23,13,0,0,13,21,107,OCOYUCAN,24399,24143,21,107
2110702,21,PUEBLA,107,OCOYUCAN,21,OCOYUCAN,21107,OCOYUCAN 02,CAPTURADA,2019-02-23,30,1,0,31,21,107,OCOYUCAN,24399,24143,21,107
2110703,21,PUEBLA,107,OCOYUCAN,21,OCOYUCAN,21107,OCOYUCAN 03,CAPTURADA,2019-02-23,27,5,0,32,21,107,OCOYUCAN,24399,24143,21,107
2112701,21,PUEBLA,127,SAN JERONIMO TECUANIPAN,21,SAN JERONIMO TECUANIPAN,21127,SAN JERONIMO TECUANIPAN 01,CAPTURADA,2019-02-23,2,2,0,4,21,127,SAN JERONIMO TECUANIPAN,4182,4140,21,127
2112702,21,PUEBLA,127,SAN JERONIMO TECUANIPAN,21,SAN JERONIMO TECUANIPAN,21127,SAN JERONIMO TECUANIPAN 02,CAPTURADA,2019-02-23,8,0,0,8,21,127,SAN JERONIMO TECUANIPAN,4182,4140,21,127
2112703,21,PUEBLA,127,SAN JERONIMO TECUANIPAN,21,SAN JERONIMO TECUANIPAN,21127,SAN JERONIMO TECUANIPAN 03,CAPTURADA,2019-02-23,16,48,0,64,21,127,SAN JERONIMO TECUANIPAN,4182,4140,21,127
2114101,21,PUEBLA,141,SAN PEDRO CHOLULA,21,SAN PEDRO CHOLULA,21141,SAN PEDRO CHOLULA 01,CAPTURADA,2019-02-23,24,5,0,29,21,141,SAN PEDRO CHOLULA,104117,103088,21,141
2114102,21,PUEBLA,141,SAN PEDRO CHOLULA,21,SAN PEDRO CHOLULA,21141,SAN PEDRO CHOLULA 02,CAPTURADA,2019-02-23,8,0,0,8,21,141,SAN PEDRO CHOLULA,104117,103088,21,141
2114103,21,PUEBLA,141,SAN PEDRO CHOLULA,21,SAN PEDRO CHOLULA,21141,SAN PEDRO CHOLULA 03,CAPTURADA,2019-02-23,186,68,0,254,21,141,SAN PEDRO CHOLULA,104117,103088,21,141
2114801,21,PUEBLA,148,SANTA ISABEL CHOLULA,21,SANTA ISABEL CHOLULA,21148,SANTA ISABEL CHOLULA 01,CAPTURADA,2019-02-23,92,4,0,96,21,148,SANTA ISABEL CHOLULA,7777,7733,21,148
2114802,21,PUEBLA,148,SANTA ISABEL CHOLULA,21,SANTA ISABEL CHOLULA,21148,SANTA ISABEL CHOLULA 02,CAPTURADA,2019-02-23,42,1,0,43,21,148,SANTA ISABEL CHOLULA,7777,7733,21,148
2114803,21,PUEBLA,148,SANTA ISABEL CHOLULA,21,SANTA ISABEL CHOLULA,21148,SANTA ISABEL CHOLULA 03,CAPTURADA,2019-02-23,44,6,0,50,21,148,SANTA ISABEL CHOLULA,7777,7733,21,148
2118101,21,PUEBLA,181,TLALTENANGO,21,TLALTENANGO,21181,TLALTENANGO 01,CAPTURADA,2019-02-23,25,0,0,25,21,181,TLALTENANGO,4759,4704,21,181
2118102,21,PUEBLA,181,TLALTENANGO,21,TLALTENANGO,21181,TLALTENANGO 02,CAPTURADA,2019-02-23,5,2,0,7,21,181,TLALTENANGO,4759,4704,21,181
2118103,21,PUEBLA,181,TLALTENANGO,21,TLALTENANGO,21181,TLALTENANGO 03,CAPTURADA,2019-02-23,7,0,0,7,21,181,TLALTENANGO,4759,4704,21,181
2118801,21,PUEBLA,188,TOCHIMILCO,21,TOCHIMILCO,21188,TOCHIMILCO 01,CAPTURADA,2019-02-23,33,0,0,33,21,188,TOCHIMILCO,12941,12772,21,188
2118802,21,PUEBLA,188,TOCHIMILCO,21,TOCHIMILCO,21188,TOCHIMILCO 02,CAPTURADA,2019-02-23,10,2,0,12,21,188,TOCHIMILCO,12941,12772,21,188
2118803,21,PUEBLA,188,TOCHIMILCO,21,TOCHIMILCO,21188,TOCHIMILCO 03,CAPTURADA,2019-02-23,10,110,1,121,21,188,TOCHIMILCO,12941,12772,21,188
2901401,29,TLAXCALA,14,HUEYOTLIPAN,29,HUEYOTLIPAN,29014,HUEYOTLIPAN 01,CAPTURADA,2019-02-23,41,2,0,43,29,14,HUEYOTLIPAN,11392,11305,29,014
2901402,29,TLAXCALA,14,HUEYOTLIPAN,29,HUEYOTLIPAN,29014,HUEYOTLIPAN 02,CAPTURADA,2019-02-23,43,2,1,46,29,14,HUEYOTLIPAN,11392,11305,29,014
2901403,29,TLAXCALA,14,HUEYOTLIPAN,29,HUEYOTLIPAN,29014,HUEYOTLIPAN 03,CAPTURADA,2019-02-23,77,1,0,78,29,14,HUEYOTLIPAN,11392,11305,29,014
2901501,29,TLAXCALA,15,IXTACUIXTLA DE MARIANO MATAMOROS,29,IXTACUIXTLA DE MARIANO MATAMOROS,29015,IXTACUIXTLA DE MARIANO MATAMOROS 01,CAPTURADA,2019-02-23,161,13,0,174,29,15,IXTACUIXTLA DE MARIANO MATAMOROS,28151,27940,29,015
2901502,29,TLAXCALA,15,IXTACUIXTLA DE MARIANO MATAMOROS,29,IXTACUIXTLA DE MARIANO MATAMOROS,29015,IXTACUIXTLA DE MARIANO MATAMOROS 02,CAPTURADA,2019-02-23,28,1,0,29,29,15,IXTACUIXTLA DE MARIANO MATAMOROS,28151,27940,29,015
2901503,29,TLAXCALA,15,IXTACUIXTLA DE MARIANO MATAMOROS,29,IXTACUIXTLA DE MARIANO MATAMOROS,29015,IXTACUIXTLA DE MARIANO MATAMOROS 03,CAPTURADA,2019-02-23,29,2,0,31,29,15,IXTACUIXTLA DE MARIANO MATAMOROS,28151,27940,29,015
2902301,29,TLAXCALA,23,NATIVITAS,29,NATIVITAS,29023,NATIVITAS 01,CAPTURADA,2019-02-23,40,4,0,44,29,23,NATIVITAS,18528,18400,29,023
2902302,29,TLAXCALA,23,NATIVITAS,29,NATIVITAS,29023,NATIVITAS 02,CAPTURADA,2019-02-23,5,74,1,80,29,23,NATIVITAS,18528,18400,29,023
2902303,29,TLAXCALA,23,NATIVITAS,29,NATIVITAS,29023,NATIVITAS 03,CAPTURADA,2019-02-23,36,0,0,36,29,23,NATIVITAS,18528,18400,29,023
2902401,29,TLAXCALA,24,PANOTLA,29,PANOTLA,29024,PANOTLA 01,CAPTURADA,2019-02-23,118,13,2,133,29,24,PANOTLA,20069,19909,29,024
2902402,29,TLAXCALA,24,PANOTLA,29,PANOTLA,29024,PANOTLA 02,CAPTURADA,2019-02-23,44,33,1,78,29,24,PANOTLA,20069,19909,29,024
2902403,29,TLAXCALA,24,PANOTLA,29,PANOTLA,29024,PANOTLA 03,CAPTURADA,2019-02-23,49,4,0,53,29,24,PANOTLA,20069,19909,29,024
2903201,29,TLAXCALA,32,TETLATLAHUCA,29,TETLATLAHUCA,29032,TETLATLAHUCA 01,CAPTURADA,2019-02-23,109,6,1,116,29,32,TETLATLAHUCA,9533,9393,29,032
2903202,29,TLAXCALA,32,TETLATLAHUCA,29,TETLATLAHUCA,29032,TETLATLAHUCA 02,CAPTURADA,2019-02-23,50,1,0,51,29,32,TETLATLAHUCA,9533,9393,29,032
2903203,29,TLAXCALA,32,TETLATLAHUCA,29,TETLATLAHUCA,29032,TETLATLAHUCA 03,CAPTURADA,2019-02-23,93,1,2,96,29,32,TETLATLAHUCA,9533,9393,29,032
2903401,29,TLAXCALA,34,TLAXCO,29,TLAXCO,29034,TLAXCO 01,CAPTURADA,2019-02-23,104,5,0,109,29,34,TLAXCO,31246,31049,29,034
2903402,29,TLAXCALA,34,TLAXCO,29,TLAXCO,29034,TLAXCO 02,CAPTURADA,2019-02-23,104,4,0,108,29,34,TLAXCO,31246,31049,29,034
2903403,29,TLAXCALA,34,TLAXCO,29,TLAXCO,29034,TLAXCO 03,CAPTURADA,2019-02-23,57,5,0,62,29,34,TLAXCO,31246,31049,29,034
2904501,29,TLAXCALA,45,SANTA APOLONIA TEACALCO,29,SANTA APOLONIA TEACALCO,29045,SANTA APOLONIA TEACALCO 01,CAPTURADA,2019-02-23,52,0,0,52,29,45,SANTA APOLONIA TEACALCO,3695,3667,29,045
2904502,29,TLAXCALA,45,SANTA APOLONIA TEACALCO,29,SANTA APOLONIA TEACALCO,29045,SANTA APOLONIA TEACALCO 02,CAPTURADA,2019-02-23,56,3,0,59,29,45,SANTA APOLONIA TEACALCO,3695,3667,29,045
2904503,29,TLAXCALA,45,SANTA APOLONIA TEACALCO,29,SANTA APOLONIA TEACALCO,29045,SANTA APOLONIA TEACALCO 03,CAPTURADA,2019-02-23,48,0,0,48,29,45,SANTA APOLONIA TEACALCO,3695,3667,29,045
2904701,29,TLAXCALA,47,SAN JUAN HUACTZINCO,29,SAN JUAN HUACTZINCO,29047,SAN JUAN HUACTZINCO 01,CAPTURADA,2019-02-23,53,0,0,53,29,47,SAN JUAN HUACTZINCO,5357,5311,29,047
2904702,29,TLAXCALA,47,SAN JUAN HUACTZINCO,29,SAN JUAN HUACTZINCO,29047,SAN JUAN HUACTZINCO 02,CAPTURADA,2019-02-23,113,3,0,116,29,47,SAN JUAN HUACTZINCO,5357,5311,29,047
2904703,29,TLAXCALA,47,SAN JUAN HUACTZINCO,29,SAN JUAN HUACTZINCO,29047,SAN JUAN HUACTZINCO 03,CAPTURADA,2019-02-23,54,1,1,56,29,47,SAN JUAN HUACTZINCO,5357,5311,29,047
2905301,29,TLAXCALA,53,SAN DAMIAN TEXOLOC,29,SAN DAMIAN TEXOLOC,29053,SAN DAMIAN TEXOLOC 01,CAPTURADA,2019-02-23,74,11,0,85,29,53,SAN DAMIAN TEXOLOC,4395,4276,29,053
2905302,29,TLAXCALA,53,SAN DAMIAN TEXOLOC,29,SAN DAMIAN TEXOLOC,29053,SAN DAMIAN TEXOLOC 02,CAPTURADA,2019-02-23,47,15,0,62,29,53,SAN DAMIAN TEXOLOC,4395,4276,29,053
2905303,29,TLAXCALA,53,SAN DAMIAN TEXOLOC,29,SAN DAMIAN TEXOLOC,29053,SAN DAMIAN TEXOLOC 03,CAPTURADA,2019-02-23,28,20,0,48,29,53,SAN DAMIAN TEXOLOC,4395,4276,29,053
1701002,17,MORELOS,10,JANTETELCO,17,JANTETELCO,17010,JANTETELCO 02,NO INSTALADA,2019-02-23,0,0,0,0,17,10,JANTETELCO,12861,12761,17,010
1701003,17,MORELOS,10,JANTETELCO,17,JANTETELCO,17010,JANTETELCO 03,NO INSTALADA,2019-02-23,0,0,0,0,17,10,JANTETELCO,12861,12761,17,010
1703002,17,MORELOS,30,YECAPIXTLA,17,YECAPIXTLA,17030,YECAPIXTLA 02,NO INSTALADA,2019-02-23,0,0,0,0,17,30,YECAPIXTLA,35994,35779,17,030
1703301,17,MORELOS,33,TEMOAC,17,TEMOAC,17033,TEMOAC 01,NO INSTALADA,2019-02-23,0,0,0,0,17,33,TEMOAC,11064,11028,17,033
1703302,17,MORELOS,33,TEMOAC,17,TEMOAC,17033,TEMOAC 02,NO INSTALADA,2019-02-23,0,0,0,0,17,33,TEMOAC,11064,11028,17,033
2109201,21,PUEBLA,92,JUAN C. BONILLA,21,JUAN C. BONILLA,21092,JUAN C. BONILLA 01,NO INSTALADA,2019-02-23,0,0,0,0,21,92,JUAN C. BONILLA,16854,16682,21,092
2109202,21,PUEBLA,92,JUAN C. BONILLA,21,JUAN C. BONILLA,21092,JUAN C. BONILLA 02,NO INSTALADA,2019-02-23,0,0,0,0,21,92,JUAN C. BONILLA,16854,16682,21,092
1700101,17,MORELOS,1,AMACUZAC,17,AMACUZAC,17001,AMACUZAC 01,CAPTURADA,2019-02-24,175,15,0,190,17,1,AMACUZAC,13587,13425,17,001
1700201,17,MORELOS,2,ATLATLAHUCAN,17,ATLATLAHUCAN,17002,ATLATLAHUCAN 01,CAPTURADA,2019-02-24,112,69,0,181,17,2,ATLATLAHUCAN,17124,17011,17,002
1700301,17,MORELOS,3,AXOCHIAPAN,17,AXOCHIAPAN,17003,AXOCHIAPAN 01,CAPTURADA,2019-02-24,516,420,3,939,17,3,AXOCHIAPAN,26340,26064,17,003
1700401,17,MORELOS,4,AYALA,17,AYALA,17004,AYALA 01,CAPTURADA,2019-02-24,56,1544,6,1606,17,4,AYALA,62717,61999,17,004
1700402,17,MORELOS,4,AYALA,17,AYALA,17004,AYALA 02,CAPTURADA,2019-02-24,33,662,3,698,17,4,AYALA,62717,61999,17,004
1700403,17,MORELOS,4,AYALA,17,AYALA,17004,AYALA 03,CAPTURADA,2019-02-24,88,411,2,501,17,4,AYALA,62717,61999,17,004
1700501,17,MORELOS,5,COATLAN DEL RIO,17,COATLAN DEL RIO,17005,COATLAN DEL RIO 01,CAPTURADA,2019-02-24,144,31,0,175,17,5,COATLAN DEL RIO,8291,8232,17,005
1700601,17,MORELOS,6,CUAUTLA,17,CUAUTLA,17006,CUAUTLA 01,CAPTURADA,2019-02-24,842,902,5,1749,17,6,CUAUTLA,143744,142718,17,006
1700602,17,MORELOS,6,CUAUTLA,17,CUAUTLA,17006,CUAUTLA 02,CAPTURADA,2019-02-24,380,489,4,873,17,6,CUAUTLA,143744,142718,17,006
1700603,17,MORELOS,6,CUAUTLA,17,CUAUTLA,17006,CUAUTLA 03,CAPTURADA,2019-02-24,444,547,1,992,17,6,CUAUTLA,143744,142718,17,006
1700604,17,MORELOS,6,CUAUTLA,17,CUAUTLA,17006,CUAUTLA 04,CAPTURADA,2019-02-24,364,298,0,662,17,6,CUAUTLA,143744,142718,17,006
1700605,17,MORELOS,6,CUAUTLA,17,CUAUTLA,17006,CUAUTLA 05,CAPTURADA,2019-02-24,140,152,1,293,17,6,CUAUTLA,143744,142718,17,006
1700701,17,MORELOS,7,CUERNAVACA,17,CUERNAVACA,17007,CUERNAVACA 01,CAPTURADA,2019-02-24,304,190,0,494,17,7,CUERNAVACA,315582,312633,17,007
1700702,17,MORELOS,7,CUERNAVACA,17,CUERNAVACA,17007,CUERNAVACA 02,CAPTURADA,2019-02-24,258,80,1,339,17,7,CUERNAVACA,315582,312633,17,007
1700703,17,MORELOS,7,CUERNAVACA,17,CUERNAVACA,17007,CUERNAVACA 03,CAPTURADA,2019-02-24,909,723,8,1640,17,7,CUERNAVACA,315582,312633,17,007
1700704,17,MORELOS,7,CUERNAVACA,17,CUERNAVACA,17007,CUERNAVACA 04,CAPTURADA,2019-02-24,189,82,1,272,17,7,CUERNAVACA,315582,312633,17,007
1700705,17,MORELOS,7,CUERNAVACA,17,CUERNAVACA,17007,CUERNAVACA 05,CAPTURADA,2019-02-24,135,47,0,182,17,7,CUERNAVACA,315582,312633,17,007
1700706,17,MORELOS,7,CUERNAVACA,17,CUERNAVACA,17007,CUERNAVACA 06,CAPTURADA,2019-02-24,247,147,2,396,17,7,CUERNAVACA,315582,312633,17,007
1700707,17,MORELOS,7,CUERNAVACA,17,CUERNAVACA,17007,CUERNAVACA 07,CAPTURADA,2019-02-24,267,172,6,445,17,7,CUERNAVACA,315582,312633,17,007
1700708,17,MORELOS,7,CUERNAVACA,17,CUERNAVACA,17007,CUERNAVACA 08,CAPTURADA,2019-02-24,317,231,1,549,17,7,CUERNAVACA,315582,312633,17,007
1700709,17,MORELOS,7,CUERNAVACA,17,CUERNAVACA,17007,CUERNAVACA 09,CAPTURADA,2019-02-24,104,40,0,144,17,7,CUERNAVACA,315582,312633,17,007
1700710,17,MORELOS,7,CUERNAVACA,17,CUERNAVACA,17007,CUERNAVACA 10,CAPTURADA,2019-02-24,142,136,2,280,17,7,CUERNAVACA,315582,312633,17,007
1700801,17,MORELOS,8,EMILIANO ZAPATA,17,EMILIANO ZAPATA,17008,EMILIANO ZAPATA 01,CAPTURADA,2019-02-24,189,55,0,244,17,8,EMILIANO ZAPATA,63521,62859,17,008
1700802,17,MORELOS,8,EMILIANO ZAPATA,17,EMILIANO ZAPATA,17008,EMILIANO ZAPATA 02,CAPTURADA,2019-02-24,135,38,0,173,17,8,EMILIANO ZAPATA,63521,62859,17,008
1700901,17,MORELOS,9,HUITZILAC,17,HUITZILAC,17009,HUITZILAC 01,CAPTURADA,2019-02-24,181,53,1,235,17,9,HUITZILAC,14838,14698,17,009
1701001,17,MORELOS,10,JANTETELCO,17,JANTETELCO,17010,JANTETELCO 01,CAPTURADA,2019-02-24,99,32,0,131,17,10,JANTETELCO,12861,12761,17,010
1701101,17,MORELOS,11,JIUTEPEC,17,JIUTEPEC,17011,JIUTEPEC 01,CAPTURADA,2019-02-24,588,249,1,838,17,11,JIUTEPEC,166134,164581,17,011
1701102,17,MORELOS,11,JIUTEPEC,17,JIUTEPEC,17011,JIUTEPEC 02,CAPTURADA,2019-02-24,333,57,0,390,17,11,JIUTEPEC,166134,164581,17,011
1701103,17,MORELOS,11,JIUTEPEC,17,JIUTEPEC,17011,JIUTEPEC 03,CAPTURADA,2019-02-24,171,16,0,187,17,11,JIUTEPEC,166134,164581,17,011
1701104,17,MORELOS,11,JIUTEPEC,17,JIUTEPEC,17011,JIUTEPEC 04,CAPTURADA,2019-02-24,145,25,0,170,17,11,JIUTEPEC,166134,164581,17,011
1701105,17,MORELOS,11,JIUTEPEC,17,JIUTEPEC,17011,JIUTEPEC 05,CAPTURADA,2019-02-24,150,49,0,199,17,11,JIUTEPEC,166134,164581,17,011
1701201,17,MORELOS,12,JOJUTLA,17,JOJUTLA,17012,JOJUTLA 01,CAPTURADA,2019-02-24,382,96,1,479,17,12,JOJUTLA,47250,46860,17,012
1701202,17,MORELOS,12,JOJUTLA,17,JOJUTLA,17012,JOJUTLA 02,CAPTURADA,2019-02-24,338,75,1,414,17,12,JOJUTLA,47250,46860,17,012
1701301,17,MORELOS,13,JONACATEPEC,17,JONACATEPEC,17013,JONACATEPEC 01,CAPTURADA,2019-02-24,137,117,0,254,17,13,JONACATEPEC,11997,11923,17,013
1701401,17,MORELOS,14,MAZATEPEC,17,MAZATEPEC,17014,MAZATEPEC 01,CAPTURADA,2019-02-24,125,56,0,181,17,14,MAZATEPEC,8150,7999,17,014
1701501,17,MORELOS,15,MIACATLAN,17,MIACATLAN,17015,MIACATLAN 01,CAPTURADA,2019-02-24,303,77,1,381,17,15,MIACATLAN,20309,20154,17,015
1701601,17,MORELOS,16,OCUITUCO,17,OCUITUCO,17016,OCUITUCO 01,CAPTURADA,2019-02-24,73,271,1,345,17,16,OCUITUCO,13120,13037,17,016
1701701,17,MORELOS,17,PUENTE DE IXTLA,17,PUENTE DE IXTLA,17017,PUENTE DE IXTLA 01,CAPTURADA,2019-02-24,218,36,1,255,17,17,PUENTE DE IXTLA,49376,48885,17,017
1701702,17,MORELOS,17,PUENTE DE IXTLA,17,PUENTE DE IXTLA,17017,PUENTE DE IXTLA 02,CAPTURADA,2019-02-24,168,28,0,196,17,17,PUENTE DE IXTLA,49376,48885,17,017
1701801,17,MORELOS,18,TEMIXCO,17,TEMIXCO,17018,TEMIXCO 01,CAPTURADA,2019-02-24,286,34,2,322,17,18,TEMIXCO,87244,86524,17,018
1701802,17,MORELOS,18,TEMIXCO,17,TEMIXCO,17018,TEMIXCO 02,CAPTURADA,2019-02-24,143,40,1,184,17,18,TEMIXCO,87244,86524,17,018
1701803,17,MORELOS,18,TEMIXCO,17,TEMIXCO,17018,TEMIXCO 03,CAPTURADA,2019-02-24,141,39,0,180,17,18,TEMIXCO,87244,86524,17,018
1701901,17,MORELOS,19,TEPALCINGO,17,TEPALCINGO,17019,TEPALCINGO 01,CAPTURADA,2019-02-24,158,103,0,261,17,19,TEPALCINGO,20438,20228,17,019
1701902,17,MORELOS,19,TEPALCINGO,17,TEPALCINGO,17019,TEPALCINGO 02,CAPTURADA,2019-02-24,48,25,0,73,17,19,TEPALCINGO,20438,20228,17,019
1701903,17,MORELOS,19,TEPALCINGO,17,TEPALCINGO,17019,TEPALCINGO 03,CAPTURADA,2019-02-24,52,43,1,96,17,19,TEPALCINGO,20438,20228,17,019
1702001,17,MORELOS,20,TEPOZTLAN,17,TEPOZTLAN,17020,TEPOZTLAN 01,CAPTURADA,2019-02-24,180,543,0,723,17,20,TEPOZTLAN,29533,29302,17,020
1702101,17,MORELOS,21,TETECALA,17,TETECALA,17021,TETECALA 01,CAPTURADA,2019-02-24,286,34,4,324,17,21,TETECALA,6384,6330,17,021
1702201,17,MORELOS,22,TETELA DEL VOLCAN,17,TETELA DEL VOLCAN,17022,TETELA DEL VOLCAN 01,CAPTURADA,2019-02-24,30,592,2,624,17,22,TETELA DEL VOLCAN,14634,14543,17,022
1702301,17,MORELOS,23,TLALNEPANTLA,17,TLALNEPANTLA,17023,TLALNEPANTLA 01,CAPTURADA,2019-02-24,60,31,0,91,17,23,TLALNEPANTLA,5065,5042,17,023
1702401,17,MORELOS,24,TLALTIZAPAN,17,TLALTIZAPAN,17024,TLALTIZAPAN 01,CAPTURADA,2019-02-24,162,102,0,264,17,24,TLALTIZAPAN DE ZAPATA,38198,37798,17,024
1702402,17,MORELOS,24,TLALTIZAPAN,17,TLALTIZAPAN,17024,TLALTIZAPAN 02,CAPTURADA,2019-02-24,131,37,0,168,17,24,TLALTIZAPAN DE ZAPATA,38198,37798,17,024
1702403,17,MORELOS,24,TLALTIZAPAN,17,TLALTIZAPAN,17024,TLALTIZAPAN 03,CAPTURADA,2019-02-24,84,10,0,94,17,24,TLALTIZAPAN DE ZAPATA,38198,37798,17,024
1702501,17,MORELOS,25,TLAQUILTENANGO,17,TLAQUILTENANGO,17025,TLAQUILTENANGO 01,CAPTURADA,2019-02-24,200,51,1,252,17,25,TLAQUILTENANGO,25203,24994,17,025
1702502,17,MORELOS,25,TLAQUILTENANGO,17,TLAQUILTENANGO,17025,TLAQUILTENANGO 02,CAPTURADA,2019-02-24,49,23,0,72,17,25,TLAQUILTENANGO,25203,24994,17,025
1702503,17,MORELOS,25,TLAQUILTENANGO,17,TLAQUILTENANGO,17025,TLAQUILTENANGO 03,CAPTURADA,2019-02-24,42,23,0,65,17,25,TLAQUILTENANGO,25203,24994,17,025
1702601,17,MORELOS,26,TLAYACAPAN,17,TLAYACAPAN,17026,TLAYACAPAN 01,CAPTURADA,2019-02-24,132,92,1,225,17,26,TLAYACAPAN,14286,14162,17,026
1702701,17,MORELOS,27,TOTOLAPAN,17,TOTOLAPAN,17027,TOTOLAPAN 01,CAPTURADA,2019-02-24,166,47,0,213,17,27,TOTOLAPAN,8104,8044,17,027
1702801,17,MORELOS,28,XOCHITEPEC,17,XOCHITEPEC,17028,XOCHITEPEC 01,CAPTURADA,2019-02-24,189,44,0,233,17,28,XOCHITEPEC,50066,49576,17,028
1702802,17,MORELOS,28,XOCHITEPEC,17,XOCHITEPEC,17028,XOCHITEPEC 02,CAPTURADA,2019-02-24,52,46,0,98,17,28,XOCHITEPEC,50066,49576,17,028
1702901,17,MORELOS,29,YAUTEPEC,17,YAUTEPEC,17029,YAUTEPEC 01,CAPTURADA,2019-02-24,1082,294,6,1382,17,29,YAUTEPEC,78006,77372,17,029
1702902,17,MORELOS,29,YAUTEPEC,17,YAUTEPEC,17029,YAUTEPEC 02,CAPTURADA,2019-02-24,223,57,1,281,17,29,YAUTEPEC,78006,77372,17,029
1702903,17,MORELOS,29,YAUTEPEC,17,YAUTEPEC,17029,YAUTEPEC 03,CAPTURADA,2019-02-24,167,78,0,245,17,29,YAUTEPEC,78006,77372,17,029
1703001,17,MORELOS,30,YECAPIXTLA,17,YECAPIXTLA,17030,YECAPIXTLA 01,CAPTURADA,2019-02-24,253,698,3,954,17,30,YECAPIXTLA,35994,35779,17,030
1703003,17,MORELOS,30,YECAPIXTLA,17,YECAPIXTLA,17030,YECAPIXTLA 03,CAPTURADA,2019-02-24,107,136,0,243,17,30,YECAPIXTLA,35994,35779,17,030
1703101,17,MORELOS,31,ZACATEPEC,17,ZACATEPEC,17031,ZACATEPEC 01,CAPTURADA,2019-02-24,279,94,3,376,17,31,ZACATEPEC,29584,29323,17,031
1703501,17,MORELOS,35,COATETELCO,17,COATETELCO,17015,COATETELCO 01,CAPTURADA,2019-02-24,152,115,1,268,17,15,MIACATLAN,20309,20154,17,015
1703601,17,MORELOS,36,XOXOCOTLA,17,XOXOCOTLA,17017,XOXOCOTLA 01,CAPTURADA,2019-02-24,203,62,0,265,17,17,PUENTE DE IXTLA,49376,48885,17,017
2100501,21,PUEBLA,5,ACTEOPAN,21,ACTEOPAN,21005,ACTEOPAN 01,CAPTURADA,2019-02-24,16,37,3,56,21,5,ACTEOPAN,2332,2275,21,005
2100502,21,PUEBLA,5,ACTEOPAN,21,ACTEOPAN,21005,ACTEOPAN 02,CAPTURADA,2019-02-24,13,57,1,71,21,5,ACTEOPAN,2332,2275,21,005
2100503,21,PUEBLA,5,ACTEOPAN,21,ACTEOPAN,21005,ACTEOPAN 03,CAPTURADA,2019-02-24,42,20,0,62,21,5,ACTEOPAN,2332,2275,21,005
2101901,21,PUEBLA,19,ATLIXCO,21,ATLIXCO,21019,ATLIXCO 01,CAPTURADA,2019-02-24,236,98,2,336,21,19,ATLIXCO,104706,103907,21,019
2101902,21,PUEBLA,19,ATLIXCO,21,ATLIXCO,21019,ATLIXCO 02,CAPTURADA,2019-02-24,69,7,1,77,21,19,ATLIXCO,104706,103907,21,019
2101903,21,PUEBLA,19,ATLIXCO,21,ATLIXCO,21019,ATLIXCO 03,CAPTURADA,2019-02-24,69,6,0,75,21,19,ATLIXCO,104706,103907,21,019
2102201,21,PUEBLA,22,ATZITZIHUACAN,21,ATZITZIHUACAN,21022,ATZITZIHUACAN 01,CAPTURADA,2019-02-24,35,132,4,171,21,22,ATZITZIHUACAN,9196,9056,21,022
2102202,21,PUEBLA,22,ATZITZIHUACAN,21,ATZITZIHUACAN,21022,ATZITZIHUACAN 02,CAPTURADA,2019-02-24,235,11,1,247,21,22,ATZITZIHUACAN,9196,9056,21,022
2102203,21,PUEBLA,22,ATZITZIHUACAN,21,ATZITZIHUACAN,21022,ATZITZIHUACAN 03,CAPTURADA,2019-02-24,79,40,2,121,21,22,ATZITZIHUACAN,9196,9056,21,022
2102601,21,PUEBLA,26,CALPAN,21,CALPAN,21026,CALPAN 01,CAPTURADA,2019-02-24,10,119,6,135,21,26,CALPAN,10672,10612,21,026
2102602,21,PUEBLA,26,CALPAN,21,CALPAN,21026,CALPAN 02,CAPTURADA,2019-02-24,2,306,2,310,21,26,CALPAN,10672,10612,21,026
2102603,21,PUEBLA,26,CALPAN,21,CALPAN,21026,CALPAN 03,CAPTURADA,2019-02-24,23,360,3,386,21,26,CALPAN,10672,10612,21,026
2103401,21,PUEBLA,34,COHUECAN,21,COHUECAN,21034,COHUECAN 01,CAPTURADA,2019-02-24,38,10,1,49,21,34,COHUECAN,3638,3551,21,034
2103402,21,PUEBLA,34,COHUECAN,21,COHUECAN,21034,COHUECAN 02,CAPTURADA,2019-02-24,21,46,1,68,21,34,COHUECAN,3638,3551,21,034
2103403,21,PUEBLA,34,COHUECAN,21,COHUECAN,21034,COHUECAN 03,CAPTURADA,2019-02-24,19,68,0,87,21,34,COHUECAN,3638,3551,21,034
2107001,21,PUEBLA,70,HUAQUECHULA,21,HUAQUECHULA,21070,HUAQUECHULA 01,CAPTURADA,2019-02-24,82,8,0,90,21,70,HUAQUECHULA,20631,20466,21,070
2107002,21,PUEBLA,70,HUAQUECHULA,21,HUAQUECHULA,21070,HUAQUECHULA 02,CAPTURADA,2019-02-24,39,13,0,52,21,70,HUAQUECHULA,20631,20466,21,070
2107003,21,PUEBLA,70,HUAQUECHULA,21,HUAQUECHULA,21070,HUAQUECHULA 03,CAPTURADA,2019-02-24,52,2,0,54,21,70,HUAQUECHULA,20631,20466,21,070
2107601,21,PUEBLA,76,HUEJOTZINGO,21,HUEJOTZINGO,21076,HUEJOTZINGO 01,CAPTURADA,2019-02-24,54,9,0,63,21,76,HUEJOTZINGO,54776,54343,21,076
2107602,21,PUEBLA,76,HUEJOTZINGO,21,HUEJOTZINGO,21076,HUEJOTZINGO 02,CAPTURADA,2019-02-24,81,8,0,89,21,76,HUEJOTZINGO,54776,54343,21,076
2107603,21,PUEBLA,76,HUEJOTZINGO,21,HUEJOTZINGO,21076,HUEJOTZINGO 03,CAPTURADA,2019-02-24,85,14,0,99,21,76,HUEJOTZINGO,54776,54343,21,076
2110301,21,PUEBLA,103,NEALTICAN,21,NEALTICAN,21103,NEALTICAN 01,CAPTURADA,2019-02-24,13,214,3,230,21,103,NEALTICAN,8720,8653,21,103
2110302,21,PUEBLA,103,NEALTICAN,21,NEALTICAN,21103,NEALTICAN 02,CAPTURADA,2019-02-24,3,50,0,53,21,103,NEALTICAN,8720,8653,21,103
2110303,21,PUEBLA,103,NEALTICAN,21,NEALTICAN,21103,NEALTICAN 03,CAPTURADA,2019-02-24,17,207,2,226,21,103,NEALTICAN,8720,8653,21,103
2110701,21,PUEBLA,107,OCOYUCAN,21,OCOYUCAN,21107,OCOYUCAN 01,CAPTURADA,2019-02-24,94,0,0,94,21,107,OCOYUCAN,24399,24143,21,107
2110702,21,PUEBLA,107,OCOYUCAN,21,OCOYUCAN,21107,OCOYUCAN 02,CAPTURADA,2019-02-24,156,9,1,166,21,107,OCOYUCAN,24399,24143,21,107
2110703,21,PUEBLA,107,OCOYUCAN,21,OCOYUCAN,21107,OCOYUCAN 03,CAPTURADA,2019-02-24,164,8,1,173,21,107,OCOYUCAN,24399,24143,21,107
2112701,21,PUEBLA,127,SAN JERONIMO TECUANIPAN,21,SAN JERONIMO TECUANIPAN,21127,SAN JERONIMO TECUANIPAN 01,CAPTURADA,2019-02-24,2,18,0,20,21,127,SAN JERONIMO TECUANIPAN,4182,4140,21,127
2112702,21,PUEBLA,127,SAN JERONIMO TECUANIPAN,21,SAN JERONIMO TECUANIPAN,21127,SAN JERONIMO TECUANIPAN 02,CAPTURADA,2019-02-24,3,11,3,17,21,127,SAN JERONIMO TECUANIPAN,4182,4140,21,127
2112703,21,PUEBLA,127,SAN JERONIMO TECUANIPAN,21,SAN JERONIMO TECUANIPAN,21127,SAN JERONIMO TECUANIPAN 03,CAPTURADA,2019-02-24,17,95,0,112,21,127,SAN JERONIMO TECUANIPAN,4182,4140,21,127
2114101,21,PUEBLA,141,SAN PEDRO CHOLULA,21,SAN PEDRO CHOLULA,21141,SAN PEDRO CHOLULA 01,CAPTURADA,2019-02-24,55,6,0,61,21,141,SAN PEDRO CHOLULA,104117,103088,21,141
2114102,21,PUEBLA,141,SAN PEDRO CHOLULA,21,SAN PEDRO CHOLULA,21141,SAN PEDRO CHOLULA 02,CAPTURADA,2019-02-24,43,23,1,67,21,141,SAN PEDRO CHOLULA,104117,103088,21,141
2114103,21,PUEBLA,141,SAN PEDRO CHOLULA,21,SAN PEDRO CHOLULA,21141,SAN PEDRO CHOLULA 03,CAPTURADA,2019-02-24,410,85,1,496,21,141,SAN PEDRO CHOLULA,104117,103088,21,141
2114801,21,PUEBLA,148,SANTA ISABEL CHOLULA,21,SANTA ISABEL CHOLULA,21148,SANTA ISABEL CHOLULA 01,CAPTURADA,2019-02-24,201,9,0,210,21,148,SANTA ISABEL CHOLULA,7777,7733,21,148
2114802,21,PUEBLA,148,SANTA ISABEL CHOLULA,21,SANTA ISABEL CHOLULA,21148,SANTA ISABEL CHOLULA 02,CAPTURADA,2019-02-24,143,6,0,149,21,148,SANTA ISABEL CHOLULA,7777,7733,21,148
2114803,21,PUEBLA,148,SANTA ISABEL CHOLULA,21,SANTA ISABEL CHOLULA,21148,SANTA ISABEL CHOLULA 03,CAPTURADA,2019-02-24,50,15,0,65,21,148,SANTA ISABEL CHOLULA,7777,7733,21,148
2118101,21,PUEBLA,181,TLALTENANGO,21,TLALTENANGO,21181,TLALTENANGO 01,CAPTURADA,2019-02-24,47,5,0,52,21,181,TLALTENANGO,4759,4704,21,181
2118102,21,PUEBLA,181,TLALTENANGO,21,TLALTENANGO,21181,TLALTENANGO 02,CAPTURADA,2019-02-24,30,3,0,33,21,181,TLALTENANGO,4759,4704,21,181
2118103,21,PUEBLA,181,TLALTENANGO,21,TLALTENANGO,21181,TLALTENANGO 03,CAPTURADA,2019-02-24,34,19,0,53,21,181,TLALTENANGO,4759,4704,21,181
2118801,21,PUEBLA,188,TOCHIMILCO,21,TOCHIMILCO,21188,TOCHIMILCO 01,CAPTURADA,2019-02-24,84,35,0,119,21,188,TOCHIMILCO,12941,12772,21,188
2118802,21,PUEBLA,188,TOCHIMILCO,21,TOCHIMILCO,21188,TOCHIMILCO 02,CAPTURADA,2019-02-24,75,29,1,105,21,188,TOCHIMILCO,12941,12772,21,188
2118803,21,PUEBLA,188,TOCHIMILCO,21,TOCHIMILCO,21188,TOCHIMILCO 03,CAPTURADA,2019-02-24,7,268,0,275,21,188,TOCHIMILCO,12941,12772,21,188
2901401,29,TLAXCALA,14,HUEYOTLIPAN,29,HUEYOTLIPAN,29014,HUEYOTLIPAN 01,CAPTURADA,2019-02-24,68,13,0,81,29,14,HUEYOTLIPAN,11392,11305,29,014
2901402,29,TLAXCALA,14,HUEYOTLIPAN,29,HUEYOTLIPAN,29014,HUEYOTLIPAN 02,CAPTURADA,2019-02-24,92,3,0,95,29,14,HUEYOTLIPAN,11392,11305,29,014
2901403,29,TLAXCALA,14,HUEYOTLIPAN,29,HUEYOTLIPAN,29014,HUEYOTLIPAN 03,CAPTURADA,2019-02-24,78,1,0,79,29,14,HUEYOTLIPAN,11392,11305,29,014
2901501,29,TLAXCALA,15,IXTACUIXTLA DE MARIANO MATAMOROS,29,IXTACUIXTLA DE MARIANO MATAMOROS,29015,IXTACUIXTLA DE MARIANO MATAMOROS 01,CAPTURADA,2019-02-24,327,34,3,364,29,15,IXTACUIXTLA DE MARIANO MATAMOROS,28151,27940,29,015
2901502,29,TLAXCALA,15,IXTACUIXTLA DE MARIANO MATAMOROS,29,IXTACUIXTLA DE MARIANO MATAMOROS,29015,IXTACUIXTLA DE MARIANO MATAMOROS 02,CAPTURADA,2019-02-24,135,0,0,135,29,15,IXTACUIXTLA DE MARIANO MATAMOROS,28151,27940,29,015
2901503,29,TLAXCALA,15,IXTACUIXTLA DE MARIANO MATAMOROS,29,IXTACUIXTLA DE MARIANO MATAMOROS,29015,IXTACUIXTLA DE MARIANO MATAMOROS 03,CAPTURADA,2019-02-24,39,2,0,41,29,15,IXTACUIXTLA DE MARIANO MATAMOROS,28151,27940,29,015
2902301,29,TLAXCALA,23,NATIVITAS,29,NATIVITAS,29023,NATIVITAS 01,CAPTURADA,2019-02-24,61,15,0,76,29,23,NATIVITAS,18528,18400,29,023
2902302,29,TLAXCALA,23,NATIVITAS,29,NATIVITAS,29023,NATIVITAS 02,CAPTURADA,2019-02-24,11,151,1,163,29,23,NATIVITAS,18528,18400,29,023
2902303,29,TLAXCALA,23,NATIVITAS,29,NATIVITAS,29023,NATIVITAS 03,CAPTURADA,2019-02-24,42,4,0,46,29,23,NATIVITAS,18528,18400,29,023
2902401,29,TLAXCALA,24,PANOTLA,29,PANOTLA,29024,PANOTLA 01,CAPTURADA,2019-02-24,179,14,0,193,29,24,PANOTLA,20069,19909,29,024
2902402,29,TLAXCALA,24,PANOTLA,29,PANOTLA,29024,PANOTLA 02,CAPTURADA,2019-02-24,53,75,2,130,29,24,PANOTLA,20069,19909,29,024
2902403,29,TLAXCALA,24,PANOTLA,29,PANOTLA,29024,PANOTLA 03,CAPTURADA,2019-02-24,88,13,0,101,29,24,PANOTLA,20069,19909,29,024
2903201,29,TLAXCALA,32,TETLATLAHUCA,29,TETLATLAHUCA,29032,TETLATLAHUCA 01,CAPTURADA,2019-02-24,285,18,1,304,29,32,TETLATLAHUCA,9533,9393,29,032
2903202,29,TLAXCALA,32,TETLATLAHUCA,29,TETLATLAHUCA,29032,TETLATLAHUCA 02,CAPTURADA,2019-02-24,43,1,0,44,29,32,TETLATLAHUCA,9533,9393,29,032
2903203,29,TLAXCALA,32,TETLATLAHUCA,29,TETLATLAHUCA,29032,TETLATLAHUCA 03,CAPTURADA,2019-02-24,141,0,0,141,29,32,TETLATLAHUCA,9533,9393,29,032
2903401,29,TLAXCALA,34,TLAXCO,29,TLAXCO,29034,TLAXCO 01,CAPTURADA,2019-02-24,166,8,0,174,29,34,TLAXCO,31246,31049,29,034
2903402,29,TLAXCALA,34,TLAXCO,29,TLAXCO,29034,TLAXCO 02,CAPTURADA,2019-02-24,173,5,1,179,29,34,TLAXCO,31246,31049,29,034
2903403,29,TLAXCALA,34,TLAXCO,29,TLAXCO,29034,TLAXCO 03,CAPTURADA,2019-02-24,69,3,0,72,29,34,TLAXCO,31246,31049,29,034
2904501,29,TLAXCALA,45,SANTA APOLONIA TEACALCO,29,SANTA APOLONIA TEACALCO,29045,SANTA APOLONIA TEACALCO 01,CAPTURADA,2019-02-24,29,3,0,32,29,45,SANTA APOLONIA TEACALCO,3695,3667,29,045
2904502,29,TLAXCALA,45,SANTA APOLONIA TEACALCO,29,SANTA APOLONIA TEACALCO,29045,SANTA APOLONIA TEACALCO 02,CAPTURADA,2019-02-24,48,5,0,53,29,45,SANTA APOLONIA TEACALCO,3695,3667,29,045
2904503,29,TLAXCALA,45,SANTA APOLONIA TEACALCO,29,SANTA APOLONIA TEACALCO,29045,SANTA APOLONIA TEACALCO 03,CAPTURADA,2019-02-24,45,4,0,49,29,45,SANTA APOLONIA TEACALCO,3695,3667,29,045
2904701,29,TLAXCALA,47,SAN JUAN HUACTZINCO,29,SAN JUAN HUACTZINCO,29047,SAN JUAN HUACTZINCO 01,CAPTURADA,2019-02-24,44,5,0,49,29,47,SAN JUAN HUACTZINCO,5357,5311,29,047
2904702,29,TLAXCALA,47,SAN JUAN HUACTZINCO,29,SAN JUAN HUACTZINCO,29047,SAN JUAN HUACTZINCO 02,CAPTURADA,2019-02-24,138,7,0,145,29,47,SAN JUAN HUACTZINCO,5357,5311,29,047
2904703,29,TLAXCALA,47,SAN JUAN HUACTZINCO,29,SAN JUAN HUACTZINCO,29047,SAN JUAN HUACTZINCO 03,CAPTURADA,2019-02-24,67,5,0,72,29,47,SAN JUAN HUACTZINCO,5357,5311,29,047
2905301,29,TLAXCALA,53,SAN DAMIAN TEXOLOC,29,SAN DAMIAN TEXOLOC,29053,SAN DAMIAN TEXOLOC 01,CAPTURADA,2019-02-24,66,13,0,79,29,53,SAN DAMIAN TEXOLOC,4395,4276,29,053
2905302,29,TLAXCALA,53,SAN DAMIAN TEXOLOC,29,SAN DAMIAN TEXOLOC,29053,SAN DAMIAN TEXOLOC 02,CAPTURADA,2019-02-24,69,10,0,79,29,53,SAN DAMIAN TEXOLOC,4395,4276,29,053
2905303,29,TLAXCALA,53,SAN DAMIAN TEXOLOC,29,SAN DAMIAN TEXOLOC,29053,SAN DAMIAN TEXOLOC 03,CAPTURADA,2019-02-24,35,24,0,59,29,53,SAN DAMIAN TEXOLOC,4395,4276,29,053
1701002,17,MORELOS,10,JANTETELCO,17,JANTETELCO,17010,JANTETELCO 02,NO INSTALADA,2019-02-24,0,0,0,0,17,10,JANTETELCO,12861,12761,17,010
1701003,17,MORELOS,10,JANTETELCO,17,JANTETELCO,17010,JANTETELCO 03,NO INSTALADA,2019-02-24,0,0,0,0,17,10,JANTETELCO,12861,12761,17,010
1703002,17,MORELOS,30,YECAPIXTLA,17,YECAPIXTLA,17030,YECAPIXTLA 02,NO INSTALADA,2019-02-24,0,0,0,0,17,30,YECAPIXTLA,35994,35779,17,030
1703201,17,MORELOS,32,ZACUALPAN,17,ZACUALPAN,17032,ZACUALPAN 01,NO INSTALADA,2019-02-24,0,0,0,0,17,32,ZACUALPAN DE AMILPAS,7213,7185,17,032
1703301,17,MORELOS,33,TEMOAC,17,TEMOAC,17033,TEMOAC 01,NO INSTALADA,2019-02-24,0,0,0,0,17,33,TEMOAC,11064,11028,17,033
1703302,17,MORELOS,33,TEMOAC,17,TEMOAC,17033,TEMOAC 02,NO INSTALADA,2019-02-24,0,0,0,0,17,33,TEMOAC,11064,11028,17,033
1703303,17,MORELOS,33,TEMOAC,17,TEMOAC,17033,TEMOAC 03,NO INSTALADA,2019-02-24,0,0,0,0,17,33,TEMOAC,11064,11028,17,033
1703701,17,MORELOS,37,HUEYAPAN,17,HUEYAPAN,17022,HUEYAPAN 01,NO INSTALADA,2019-02-24,0,0,0,0,17,22,TETELA DEL VOLCAN,14634,14543,17,022
2109201,21,PUEBLA,92,JUAN C. BONILLA,21,JUAN C. BONILLA,21092,JUAN C. BONILLA 01,NO INSTALADA,2019-02-24,0,0,0,0,21,92,JUAN C. BONILLA,16854,16682,21,092
2109202,21,PUEBLA,92,JUAN C. BONILLA,21,JUAN C. BONILLA,21092,JUAN C. BONILLA 02,NO INSTALADA,2019-02-24,0,0,0,0,21,92,JUAN C. BONILLA,16854,16682,21,092
2109203,21,PUEBLA,92,JUAN C. BONILLA,21,JUAN C. BONILLA,21092,JUAN C. BONILLA 03,NO INSTALADA,2019-02-24,0,0,0,0,21,92,JUAN C. BONILLA,16854,16682,21,092
